"","term","estimate","std.error","conf.level","conf.low","conf.high","statistic","df.error","p.value","p.stars","p.label","group","xpos","xmin","xmax"
"1","scaled_median_startTime",-0.0156322986949277,0.0700670691780294,0.95,-0.156511583349135,0.12524698595928,-0.223104789144362,48,0.824400696010752,"","-0.02 ","neg",1,0.79,1.21
"2","territoryHighly territorial",1.2051758456749,0.478479007892669,0.95,0.243129321612337,2.16722236973746,2.51876430479733,48,0.0151628462592618,"*","1.21 *","pos",2,1.79,2.21
"3","territoryWeakly territorial",0.570356918667843,0.407274171645942,0.95,-0.248522686726105,1.38923652406179,1.40042496768903,48,0.167817395789918,"","0.57 ","pos",3,2.79,3.21
"4","scaled_median_peak_freq",-0.0348506803489838,0.186757601744604,0.95,-0.410352005667229,0.340650644969262,-0.186609166231654,48,0.852753557542514,"","-0.03 ","neg",4,3.79,4.21
"5","trophic_nicheInvertivore",0.486827562964751,0.501730627747883,0.95,-0.521969476149767,1.49562460207927,0.970296681209144,48,0.336762778486426,"","0.49 ","pos",5,4.79,5.21
"6","trophic_nicheOmnivore",0.817078798593889,0.429815940850672,0.95,-0.0471240714614326,1.68128166864921,1.90099696390219,48,0.0633155612602344,"*","0.82 *","pos",6,5.79,6.21
